{
  "generation_metadata": {
    "timestamp": "2025-07-28T09:44:20.002024",
    "total_strategies": 23,
    "successful_strategies": 23,
    "failed_strategies": 0,
    "generation_time_minutes": 2.9068652709325153,
    "target_strategies": 23,
    "failed_strategy_details": [],
    "success_rate": 1.0
  },
  "strategy_summary": {
    "strategy_2176": {
      "parameters": {
        "edge_threshold": 0.12,
        "min_odds": 2.0,
        "stake_method": "fixed",
        "stake_size": 0.02,
        "ev_method": "confidence_weighted",
        "max_stake_pct": 0.2
      },
      "optimization_roi": 0.0700399399999998,
      "backtest_roi": 0.07003993999999984,
      "total_bets": 0,
      "win_rate": 0.4336283185840708,
      "max_drawdown": 0.3234937886691877,
      "sharpe_ratio": 0.43335282101499234
    },
    "strategy_2177": {
      "parameters": {
        "edge_threshold": 0.12,
        "min_odds": 2.0,
        "stake_method": "fixed",
        "stake_size": 0.02,
        "ev_method": "confidence_weighted",
        "max_stake_pct": 0.15
      },
      "optimization_roi": 0.0700399399999998,
      "backtest_roi": 0.07003993999999984,
      "total_bets": 0,
      "win_rate": 0.4336283185840708,
      "max_drawdown": 0.3234937886691877,
      "sharpe_ratio": 0.43335282101499234
    },
    "strategy_2175": {
      "parameters": {
        "edge_threshold": 0.12,
        "min_odds": 2.0,
        "stake_method": "fixed",
        "stake_size": 0.02,
        "ev_method": "confidence_weighted",
        "max_stake_pct": 0.1
      },
      "optimization_roi": 0.0700399399999998,
      "backtest_roi": 0.07003993999999984,
      "total_bets": 0,
      "win_rate": 0.4336283185840708,
      "max_drawdown": 0.3234937886691877,
      "sharpe_ratio": 0.43335282101499234
    },
    "strategy_2625": {
      "parameters": {
        "edge_threshold": 0.15,
        "min_odds": 2.0,
        "stake_method": "fixed",
        "stake_size": 0.02,
        "ev_method": "confidence_weighted",
        "max_stake_pct": 0.1
      },
      "optimization_roi": 0.06210645,
      "backtest_roi": 0.06210645000000004,
      "total_bets": 0,
      "win_rate": 0.43333333333333335,
      "max_drawdown": 0.35946103185138295,
      "sharpe_ratio": 0.408661348660364
    },
    "strategy_2627": {
      "parameters": {
        "edge_threshold": 0.15,
        "min_odds": 2.0,
        "stake_method": "fixed",
        "stake_size": 0.02,
        "ev_method": "confidence_weighted",
        "max_stake_pct": 0.2
      },
      "optimization_roi": 0.06210645,
      "backtest_roi": 0.06210645000000004,
      "total_bets": 0,
      "win_rate": 0.43333333333333335,
      "max_drawdown": 0.35946103185138295,
      "sharpe_ratio": 0.408661348660364
    },
    "strategy_2626": {
      "parameters": {
        "edge_threshold": 0.15,
        "min_odds": 2.0,
        "stake_method": "fixed",
        "stake_size": 0.02,
        "ev_method": "confidence_weighted",
        "max_stake_pct": 0.15
      },
      "optimization_roi": 0.06210645,
      "backtest_roi": 0.06210645000000004,
      "total_bets": 0,
      "win_rate": 0.43333333333333335,
      "max_drawdown": 0.35946103185138295,
      "sharpe_ratio": 0.408661348660364
    },
    "strategy_2535": {
      "parameters": {
        "edge_threshold": 0.15,
        "min_odds": 1.8,
        "stake_method": "fixed",
        "stake_size": 0.02,
        "ev_method": "confidence_weighted",
        "max_stake_pct": 0.1
      },
      "optimization_roi": 0.0603129599999994,
      "backtest_roi": 0.06031295999999948,
      "total_bets": 0,
      "win_rate": 0.45726495726495725,
      "max_drawdown": 0.32203401401031256,
      "sharpe_ratio": 0.40612876482276083
    },
    "strategy_2536": {
      "parameters": {
        "edge_threshold": 0.15,
        "min_odds": 1.8,
        "stake_method": "fixed",
        "stake_size": 0.02,
        "ev_method": "confidence_weighted",
        "max_stake_pct": 0.15
      },
      "optimization_roi": 0.0603129599999994,
      "backtest_roi": 0.06031295999999948,
      "total_bets": 0,
      "win_rate": 0.45726495726495725,
      "max_drawdown": 0.32203401401031256,
      "sharpe_ratio": 0.40612876482276083
    },
    "strategy_2537": {
      "parameters": {
        "edge_threshold": 0.15,
        "min_odds": 1.8,
        "stake_method": "fixed",
        "stake_size": 0.02,
        "ev_method": "confidence_weighted",
        "max_stake_pct": 0.2
      },
      "optimization_roi": 0.0603129599999994,
      "backtest_roi": 0.06031295999999948,
      "total_bets": 0,
      "win_rate": 0.45726495726495725,
      "max_drawdown": 0.32203401401031256,
      "sharpe_ratio": 0.40612876482276083
    },
    "strategy_2445": {
      "parameters": {
        "edge_threshold": 0.15,
        "min_odds": 1.5,
        "stake_method": "fixed",
        "stake_size": 0.02,
        "ev_method": "confidence_weighted",
        "max_stake_pct": 0.1
      },
      "optimization_roi": 0.0575587099999997,
      "backtest_roi": 0.0575587099999997,
      "total_bets": 0,
      "win_rate": 0.5085714285714286,
      "max_drawdown": 0.27204457611124216,
      "sharpe_ratio": 0.40367547272324905
    },
    "strategy_2446": {
      "parameters": {
        "edge_threshold": 0.15,
        "min_odds": 1.5,
        "stake_method": "fixed",
        "stake_size": 0.02,
        "ev_method": "confidence_weighted",
        "max_stake_pct": 0.15
      },
      "optimization_roi": 0.0575587099999997,
      "backtest_roi": 0.0575587099999997,
      "total_bets": 0,
      "win_rate": 0.5085714285714286,
      "max_drawdown": 0.27204457611124216,
      "sharpe_ratio": 0.40367547272324905
    },
    "strategy_2447": {
      "parameters": {
        "edge_threshold": 0.15,
        "min_odds": 1.5,
        "stake_method": "fixed",
        "stake_size": 0.02,
        "ev_method": "confidence_weighted",
        "max_stake_pct": 0.2
      },
      "optimization_roi": 0.0575587099999997,
      "backtest_roi": 0.0575587099999997,
      "total_bets": 0,
      "win_rate": 0.5085714285714286,
      "max_drawdown": 0.27204457611124216,
      "sharpe_ratio": 0.40367547272324905
    },
    "strategy_2184": {
      "parameters": {
        "edge_threshold": 0.12,
        "min_odds": 2.0,
        "stake_method": "fixed",
        "stake_size": 0.03,
        "ev_method": "confidence_weighted",
        "max_stake_pct": 0.1
      },
      "optimization_roi": 0.05495822,
      "backtest_roi": 0.05495822000000007,
      "total_bets": 0,
      "win_rate": 0.4336283185840708,
      "max_drawdown": 0.4492350264822669,
      "sharpe_ratio": 0.4365788025796088
    },
    "strategy_2186": {
      "parameters": {
        "edge_threshold": 0.12,
        "min_odds": 2.0,
        "stake_method": "fixed",
        "stake_size": 0.03,
        "ev_method": "confidence_weighted",
        "max_stake_pct": 0.2
      },
      "optimization_roi": 0.05495822,
      "backtest_roi": 0.05495822000000007,
      "total_bets": 0,
      "win_rate": 0.4336283185840708,
      "max_drawdown": 0.4492350264822669,
      "sharpe_ratio": 0.4365788025796088
    },
    "strategy_2185": {
      "parameters": {
        "edge_threshold": 0.12,
        "min_odds": 2.0,
        "stake_method": "fixed",
        "stake_size": 0.03,
        "ev_method": "confidence_weighted",
        "max_stake_pct": 0.15
      },
      "optimization_roi": 0.05495822,
      "backtest_roi": 0.05495822000000007,
      "total_bets": 0,
      "win_rate": 0.4336283185840708,
      "max_drawdown": 0.4492350264822669,
      "sharpe_ratio": 0.4365788025796088
    },
    "strategy_2634": {
      "parameters": {
        "edge_threshold": 0.15,
        "min_odds": 2.0,
        "stake_method": "fixed",
        "stake_size": 0.03,
        "ev_method": "confidence_weighted",
        "max_stake_pct": 0.15
      },
      "optimization_roi": 0.0533517800000005,
      "backtest_roi": 0.05335178000000051,
      "total_bets": 0,
      "win_rate": 0.43333333333333335,